queue name;run id;thread count;object count;object size;total enqueue time;total dequeue time;enqueue rate;dequeue rate
<<<<<<< HEAD
LockBased Queue;1;24;100;10;7.1781;0.001;13.9313;4166.67
LockBased Queue;2;24;100;10;0.5567;0.0013;179.63;3205.13
LockBased Queue;3;24;100;10;0.5446;0.0011;183.621;3787.88
LockBased Queue;4;24;100;10;0.9413;0.0011;106.236;3787.88
LockBased Queue;5;24;100;10;0.5824;0.001;171.703;4166.67
LockBased Queue;6;24;100;10;0.5915;0.0011;169.062;3787.88
LockBased Queue;7;24;100;10;0.5799;0.0011;172.444;3787.88
LockBased Queue;8;24;100;10;0.5764;0.0011;173.491;3787.88
LockBased Queue;9;24;100;10;0.5358;0.001;186.637;4166.67
LockBased Queue;10;24;100;10;0.5274;0.0011;189.609;3787.88
=======
LockBased Queue;1;24;100;10;4.67001;0.003507;21.4132;1188.1
LockBased Queue;2;24;100;10;2.00403;0.002405;49.8996;1732.5
LockBased Queue;3;24;100;10;1.60111;0.002335;62.4566;1784.44
LockBased Queue;4;24;100;10;1.60734;0.002294;62.2145;1816.33
LockBased Queue;5;24;100;10;0.850294;0.002434;117.606;1711.86
LockBased Queue;6;24;100;10;0.874719;0.002434;114.322;1711.86
LockBased Queue;7;24;100;10;1.32095;0.002465;75.7033;1690.33
LockBased Queue;8;24;100;10;0.966591;0.002475;103.456;1683.5
LockBased Queue;9;24;100;10;0.505608;0.003256;197.782;1279.69
LockBased Queue;10;24;100;10;1.25599;0.002575;79.6182;1618.12
>>>>>>> 73457c8d80fcbc0d7d1740303f4add5a74e206cb
