queue name;run id;thread count;object count;object size;total enqueue time;total dequeue time;enqueue rate;dequeue rate
<<<<<<< HEAD
LockBased Queue;1;14;100;10;0.0605;0.001;1652.89;7142.86
LockBased Queue;2;14;100;10;0.0641;0.0009;1560.06;7936.51
LockBased Queue;3;14;100;10;0.0419;0.0011;2386.63;6493.51
LockBased Queue;4;14;100;10;0.0852;0.0011;1173.71;6493.51
LockBased Queue;5;14;100;10;0.0638;0.001;1567.4;7142.86
LockBased Queue;6;14;100;10;0.0517;0.0009;1934.24;7936.51
LockBased Queue;7;14;100;10;0.0525;0.001;1904.76;7142.86
LockBased Queue;8;14;100;10;0.055;0.0011;1818.18;6493.51
LockBased Queue;9;14;100;10;0.0499;0.001;2004.01;7142.86
LockBased Queue;10;14;100;10;0.0541;0.001;1848.43;7142.86
=======
LockBased Queue;1;14;100;10;3.98717;0.002214;25.0804;3226.22
LockBased Queue;2;14;100;10;1.27713;0.002344;78.3004;3047.29
LockBased Queue;3;14;100;10;2.79531;0.002315;35.7742;3085.47
LockBased Queue;4;14;100;10;1.58452;0.002345;63.1106;3045.99
LockBased Queue;5;14;100;10;1.958;0.002334;51.0725;3060.35
LockBased Queue;6;14;100;10;1.18989;0.002365;84.0414;3020.24
LockBased Queue;7;14;100;10;1.59821;0.002274;62.5698;3141.1
LockBased Queue;8;14;100;10;1.54793;0.002234;64.6024;3197.34
LockBased Queue;9;14;100;10;0.982652;0.002254;101.765;3168.97
LockBased Queue;10;14;100;10;1.17548;0.002395;85.0714;2982.4
>>>>>>> 73457c8d80fcbc0d7d1740303f4add5a74e206cb
